ball_x,ball_z,ball_vx,ball_vz,paddle_x
0.0,-4.899999999999999,0,-1,0.0
0.36978911172760437,-3.2000000000000024,0.05162517711292369,-1,0.49368953679862176
0.0,-4.799999999999999,0,-1,0.0
1.9788848505042242,-4.500000000000001,0.1806620048561748,-1,2.1776130558460176
-1.899999999999999,-3.900000000000002,1,-1,-0.19999999999999848
-1.1999999999999984,-4.6,1,-1,-0.19999999999999848
-1.9999999999999991,-3.800000000000002,1,-1,-0.19999999999999848
0.0,-4.100000000000001,0,-1,0.0
0.0,-4.100000000000001,0,-1,0.0
2.1999999999999993,-3.600000000000002,-1,-1,0.19999999999999848
-0.9416577893325886,-3.6000000000000028,-0.08859555677185144,-1,-1.1188489028762907
-1.5754578614679091,-4.300000000000002,-0.14465273151646174,-1,-1.763506412439309
1.3384618994174189,-3.900000000000003,0.1467818264711656,-1,1.5879910044183996
-1.5532403977262994,-4.200000000000002,-0.16368716809171308,-1,-1.7824024330546975
1.2650861772064264,-4.6000000000000005,0.12048439782918333,-1,1.38557057503561
1.4999999999999987,-4.300000000000001,-1,-1,0.19999999999999848
-1.903951129907466,-4.300000000000002,-0.19646579704975148,-1,-2.1593566660721417
-1.4315288227111655,-4.500000000000001,-0.12803161756838133,-1,-1.572363602036384
0.0,-4.699999999999999,0,-1,0.0
1.1361589925194393,-3.2000000000000024,0.12485263654059763,-1,1.435805320216874
-0.25205332596618724,-3.2000000000000024,-0.027698167688591957,-1,-0.31852892841880753
1.6999999999999988,-4.100000000000001,-1,-1,0.19999999999999848
0.4624290519567974,-4.000000000000003,0.036608995147151185,-1,0.5210034441922393
2.700000000000001,-2.700000000000001,1,-1,0.19999999999999848
-0.7665782660838782,-3.4000000000000026,-0.0716750823746104,-1,-0.9242634473080211
0.0,-4.999999999999998,0,-1,0.0
1.3219576776688944,-3.800000000000003,0.1259750183163808,-1,1.5487127106383782
-0.8999999999999984,-4.899999999999999,1,-1,-0.19999999999999848
1.4728318527220674,-4.500000000000001,0.13200306276173746,-1,1.6180352217599774
0.8999999999999984,-4.899999999999999,-1,-1,0.19999999999999848
0.0,-3.600000000000002,0,-1,0.0
-0.8999999999999984,-4.899999999999999,1,-1,-0.19999999999999848
-1.799999999999999,-4.000000000000002,1,-1,-0.19999999999999848
-0.4532655420004329,-4.500000000000001,-0.03396784057696464,-1,-0.4906301666350938
0.24329249592654695,-4.7,0.013518159993070267,-1,0.2554588399203101
2.4999999999999996,-3.3000000000000016,-1,-1,0.19999999999999848
1.6999999999999988,-4.100000000000001,-1,-1,0.19999999999999848
-1.9999999999999991,-3.800000000000002,1,-1,-0.19999999999999848
-1.5111887529385128,-4.7,-0.15199893895646382,-1,-1.64798779799933
0.7219393947062352,-4.400000000000001,0.07009120336953725,-1,0.8060488387496806
1.1999999999999984,-4.6,-1,-1,0.19999999999999848
0.8999999999999984,-4.899999999999999,-1,-1,0.19999999999999848
2.0086601446382413,-4.000000000000003,0.19279395400386262,-1,2.3171304710444214
-2.4999999999999996,-3.3000000000000016,1,-1,-0.19999999999999848
1.5999999999999988,-4.200000000000001,-1,-1,0.19999999999999848
0.0,-4.899999999999999,0,-1,0.0
2.500000000000001,-2.500000000000001,1,-1,0.19999999999999848
0.0,-3.900000000000002,0,-1,0.0
-1.1999999999999984,-4.6,1,-1,-0.19999999999999848
0.0,-2.600000000000001,0,-1,0.0
-0.8155188466217116,-3.5000000000000027,-0.08675732410869264,-1,-0.9977092272499664
1.4999999999999987,-4.300000000000001,-1,-1,0.19999999999999848
0.6941263918134445,-4.400000000000001,0.06739091182654788,-1,0.7749954860053022
-0.7415933753559025,-4.6000000000000005,-0.07062794051008586,-1,-0.8122213158659888
0.0,-4.6,0,-1,0.0
0.08761031359912538,-4.7,-0.0011688383397053248,-1,0.08655835909339062
2.6999999999999997,-3.1000000000000014,-1,-1,0.19999999999999848
0.19287570771814785,-2.700000000000002,0.03405531485094762,-1,0.2916361207858959
0.0,-4.6,0,-1,0.0
-0.7888342257306665,-3.6000000000000028,-0.09356149744533332,-1,-0.9759572206213337
1.2999999999999985,-4.5,-1,-1,0.19999999999999848
0.262407107016478,-4.300000000000002,0.025726186962399783,-1,0.29585115006759777
0.28503807261244035,-3.1000000000000023,0.020559785845826545,-1,0.3364375372270072
-1.3639455832277672,-3.6000000000000028,-0.14357321928713312,-1,-1.6510920218020355
-1.7379036158369163,-4.6000000000000005,-0.17503843960351573,-1,-1.9129420554404328
0.2509545813748403,-3.900000000000003,0.015403528711718184,-1,0.2771405801847613
0.8999999999999984,-4.899999999999999,-1,-1,0.19999999999999848
-1.6113232274713587,-3.3000000000000025,-0.18601339429036529,-1,-2.0391540343391994
1.3939312487237914,-3.4000000000000026,0.14988508050793486,-1,1.723678425841247
0.0,-3.900000000000002,0,-1,0.0
0.2743622545709695,-4.999999999999999,0.034345160969813854,-1,0.2949693511528577
0.0,-4.200000000000001,0,-1,0.0
-1.1916504044335203,-3.6000000000000028,-0.1254368846772128,-1,-1.4425241737879453
2.099999999999999,-3.700000000000002,-1,-1,0.19999999999999848
-1.7012556600198894,-3.6000000000000028,-0.1896058589494624,-1,-2.0804673779188136
1.899999999999999,-3.900000000000002,-1,-1,0.19999999999999848
-1.2270488790192982,-4.999999999999999,-0.12174760357975223,-1,-1.300097441167149
-1.7838315342230797,-4.200000000000002,-0.1667159934874331,-1,-2.017233925105487
1.0999999999999983,-4.699999999999999,-1,-1,0.19999999999999848
-1.6999999999999988,-4.100000000000001,1,-1,-0.19999999999999848
0.8603763003011532,-4.400000000000001,0.09324041750496664,-1,0.9722648013071126
1.799999999999999,-4.000000000000002,-1,-1,0.19999999999999848
-1.1999999999999984,-4.6,1,-1,-0.19999999999999848
0.0,-3.900000000000002,0,-1,0.0
0.6935024838058814,-3.1000000000000023,0.07705583153398693,-1,0.8861420626408475
1.1999999999999984,-4.6,-1,-1,0.19999999999999848
1.9999999999999991,-3.800000000000002,-1,-1,0.19999999999999848
1.0999999999999983,-4.699999999999999,-1,-1,0.19999999999999848
-2.3999999999999995,-3.4000000000000017,1,-1,-0.19999999999999848
2.700000000000001,-2.700000000000001,1,-1,0.19999999999999848
-0.7464432972110615,-3.700000000000003,-0.07775451012615214,-1,-0.8941768664507509
-1.9864959904691586,-4.8999999999999995,-0.18393481393232985,-1,-2.1152503602217894
1.3310188695108918,-4.999999999999999,0.12211182289090763,-1,1.4042859632454359
-0.81883630759994,-3.000000000000002,-0.09200407950561135,-1,-1.0580469143145292
1.8334003567516484,-4.300000000000002,0.17974513301486722,-1,2.067069029670977
-0.7687010892061306,-3.900000000000003,-0.07843888665368698,-1,-0.902047196517398
0.024249928027436994,-4.200000000000002,0.012301973072023603,-1,0.041472690328270057
1.9992054870063958,-4.6000000000000005,0.1808767130482279,-1,2.1800822000546236
0.0,-3.2000000000000015,0,-1,0.0
1.899999999999999,-3.900000000000002,-1,-1,0.19999999999999848
-0.1534886479785372,-3.4000000000000026,-0.0057514675245737,-1,-0.1661418765325994
-1.5999999999999988,-4.200000000000001,1,-1,-0.19999999999999848
0.0,-4.699999999999999,0,-1,0.0
1.5351896587445135,-4.200000000000002,0.1519989761133178,-1,1.74798822530316
-0.4130221580363292,-4.6000000000000005,-0.0393354436225076,-1,-0.4523576016588366
-1.1999999999999984,-4.6,1,-1,-0.19999999999999848
0.25601719738213713,-3.800000000000003,0.016084247152797465,-1,0.2849688422571721
0.2512888298515773,-2.5000000000000018,0.02991533688709258,-1,0.34402637420156396
-0.8597264930733468,-3.2000000000000024,-0.09447543879926912,-1,-1.0864675461915914
-0.3044094313398813,-3.900000000000003,-0.04126626850406967,-1,-0.3745620877968001
-1.9999999999999991,-3.800000000000002,1,-1,-0.19999999999999848
0.09818568538515288,-4.8999999999999995,0.018350526424551317,-1,0.11103105388233882
-2.2999999999999994,-3.5000000000000018,1,-1,-0.19999999999999848
1.2465395765058427,-4.8,0.11649902584166738,-1,1.3397387971791768
0.0,-2.600000000000001,0,-1,0.0
2.0802154980728993,-4.8,0.18506686897877508,-1,2.22826899325592
-1.539794111892874,-2.800000000000002,-0.16549357607964027,-1,-2.0031761249158673
-1.7773106376248982,-3.800000000000003,-0.19353717913658802,-1,-2.125677560070756
-2.060655032121594,-4.8,-0.18323878804874677,-1,-2.207246062560592
1.9913166110981464,-4.200000000000002,0.1872590704057573,-1,2.2534793096662082
-0.7999999999999984,-4.999999999999998,1,-1,-0.19999999999999848
-1.7308220669217687,-4.8,-0.15241327728240778,-1,-1.8527526887476953
-1.3792396141103302,-4.999999999999999,-0.126535744413792,-1,-1.4551610607586052
1.899999999999999,-3.900000000000002,-1,-1,0.19999999999999848
-1.799999999999999,-4.000000000000002,1,-1,-0.19999999999999848
-1.0494045400771386,-4.7,-0.10843439057331489,-1,-1.1469954915931224
-1.6999999999999988,-4.100000000000001,1,-1,-0.19999999999999848
0.33521778511570394,-3.5000000000000027,0.035661466501670624,-1,0.4101068647692126
-0.9999999999999983,-4.799999999999999,1,-1,-0.19999999999999848
0.7292602050097041,-4.300000000000002,0.08130002009899068,-1,0.8349502311383925
0.22489538761109298,-4.7,0.011782583736895502,-1,0.23549971297429884
0.1495867082975385,-4.200000000000002,0.004909575078964057,-1,0.1564601134080882
0.0,-4.200000000000001,0,-1,0.0
-2.3999999999999995,-3.4000000000000017,1,-1,-0.19999999999999848
-1.0999999999999983,-4.699999999999999,1,-1,-0.19999999999999848
0.4061288333116781,-4.8,0.037955965730063435,-1,0.43649360589572866
0.6778697273323919,-4.999999999999999,0.062189883241503846,-1,0.715183657277294
0.8195484477550071,-3.6000000000000028,0.08626825765842194,-1,0.9920849630718506
1.0288454084310297,-4.8999999999999995,0.10452272300287307,-1,1.102011314533041
0.0,-3.1000000000000014,0,-1,0.0
-2.5999999999999996,-3.2000000000000015,1,-1,-0.19999999999999848
-0.4375591291355592,-3.800000000000003,-0.03479991022016046,-1,-0.5001989675318484
1.2186167746475833,-3.800000000000003,0.11532131697397748,-1,1.4261951452007429
0.13926572050221409,-4.999999999999999,0.02195098353231334,-1,0.15243631062160212
-0.7216323266649599,-4.8,-0.0580964791275661,-1,-0.7681095099670129
0.9999999999999983,-4.799999999999999,-1,-1,0.19999999999999848
-1.4999999999999987,-4.300000000000001,1,-1,-0.19999999999999848
-1.4999999999999987,-4.300000000000001,1,-1,-0.19999999999999848
-1.2999999999999985,-4.5,1,-1,-0.19999999999999848
1.9514937103515013,-4.8999999999999995,0.18995312132884257,-1,2.0844608952816914
-2.3999999999999995,-3.4000000000000017,1,-1,-0.19999999999999848
-0.7999999999999984,-4.999999999999998,1,-1,-0.19999999999999848
-0.8052414290392474,-4.8999999999999995,-0.08381865083696738,-1,-0.8639144846251248
-1.799999999999999,-4.000000000000002,1,-1,-0.19999999999999848
-1.2906144342828705,-3.800000000000003,-0.1330530344621514,-1,-1.5301098963147435
1.9999999999999991,-3.800000000000002,-1,-1,0.19999999999999848
1.5147745799569312,-4.999999999999999,0.1297958330235714,-1,1.5926520797710741
-2.099999999999999,-3.700000000000002,1,-1,-0.19999999999999848
0.0,-4.000000000000002,0,-1,0.0
-1.7944117122664873,-4.200000000000002,-0.18756551606598942,-1,-2.057003434758871
1.4999999999999987,-4.300000000000001,-1,-1,0.19999999999999848
1.013555088456746,-4.8,0.09472477462212577,-1,1.0893349081544466
0.8077572528424575,-4.100000000000002,0.07077572528424567,-1,0.9139208407688258
-1.2999999999999985,-4.5,1,-1,-0.19999999999999848
0.3324947774864745,-4.999999999999999,0.03050410802628209,-1,0.35079724230224363
0.9532410516241746,-3.2000000000000024,0.10475176391474461,-1,1.2046452850195633
-1.0922998604472305,-4.6000000000000005,-0.09450474861402214,-1,-1.186804609061252
-1.2999999999999985,-4.5,1,-1,-0.19999999999999848
-1.9999999999999991,-3.800000000000002,1,-1,-0.19999999999999848
-0.1149622070074918,-4.300000000000002,-0.02107472617720521,-1,-0.14235935103785852
1.160065937270758,-4.999999999999999,0.1064280676395192,-1,1.2239227778544695
0.0,-3.800000000000002,0,-1,0.0
-0.8999999999999984,-4.899999999999999,1,-1,-0.19999999999999848
0.0,-4.300000000000001,0,-1,0.0
2.1999999999999993,-3.600000000000002,-1,-1,0.19999999999999848
1.8115674163527622,-4.8,0.17865116040680074,-1,1.954488344678202
0.0,-4.000000000000002,0,-1,0.0
1.4235713264696441,-4.8,0.13304404920277013,-1,1.5300065658318607
-1.2999999999999985,-4.5,1,-1,-0.19999999999999848
-0.9542707946101602,-3.700000000000003,-0.0889865411052248,-1,-1.1233452227100873
-0.290148812027533,-4.100000000000002,-0.029014881202753307,-1,-0.3336711338316633
-0.3502792843751277,-4.7,-0.042479177771238635,-1,-0.38851054436924237
0.7604441878766378,-4.000000000000003,0.08691355433097359,-1,0.8995058748061963
1.6999999999999988,-4.100000000000001,-1,-1,0.19999999999999848
1.869174430552979,-4.500000000000001,0.17972831063009448,-1,2.0668755722460825
0.0,-4.5,0,-1,0.0
0.0,-3.1000000000000014,0,-1,0.0
2.099999999999999,-3.700000000000002,-1,-1,0.19999999999999848
0.6029797296339846,-2.900000000000002,0.0685204238220436,-1,0.7879848739535029
0.7900094265196278,-3.6000000000000028,0.07263257121259237,-1,0.9352745689448116
-1.1630874659360144,-4.6000000000000005,-0.1012464253272391,-1,-1.2643338912632538
0.7999999999999984,-4.999999999999998,-1,-1,0.19999999999999848
-1.1735457969777865,-4.7,-0.12014582990356487,-1,-1.2816770438909941
-0.2858984827328585,-4.200000000000002,-0.018405790369589836,-1,-0.3116665892502845
2.099999999999999,-3.700000000000002,-1,-1,0.19999999999999848
-0.7000597454496769,-4.7,-0.0566094099480825,-1,-0.7510082144029515
1.6053669216865614,-4.999999999999999,0.1381070570354644,-1,1.6882311559078396
-1.1199981036567173,-3.3000000000000025,-0.12173892431051286,-1,-1.3999976295708965
-0.6470943161633002,-4.100000000000002,-0.06470943161633014,-1,-0.744158463587795
1.1991346973092625,-4.8,0.11206866329993087,-1,1.2887896279492075
0.0,-4.300000000000001,0,-1,0.0
0.23000448769551599,-4.7,0.031132498839199746,-1,0.25802373665079575
0.0,-3.700000000000002,0,-1,0.0
2.8,-3.0000000000000013,-1,-1,0.19999999999999848
1.7232005415482297,-3.800000000000003,0.17764954036579714,-1,2.042969714206663
-1.4265675103656825,-2.5000000000000018,-0.1698294655197241,-1,-1.9530388534768273
1.177522876296251,-2.800000000000002,0.1238532041719826,-1,1.5243118479778006
1.799999999999999,-4.000000000000002,-1,-1,0.19999999999999848
1.9999999999999991,-3.800000000000002,-1,-1,0.19999999999999848
1.6999999999999988,-4.100000000000001,-1,-1,0.19999999999999848
1.8816681027284687,-4.999999999999999,0.1818044130943547,-1,1.9907507505850819
-2.500000000000001,-2.500000000000001,-1,-1,-0.19999999999999848
-1.098833468363982,-2.600000000000002,-0.14103923157223358,-1,-1.5219511630806812
2.8,-3.0000000000000013,-1,-1,0.19999999999999848
1.3247203715915352,-4.300000000000002,0.13967846780309162,-1,1.5063023797355557
0.8999999999999984,-4.899999999999999,-1,-1,0.19999999999999848
-0.9417552095327117,-4.7,-0.08884483108799157,-1,-1.0217155575119041
-1.2999999999999985,-4.5,1,-1,-0.19999999999999848
-0.13490090735794316,-4.8999999999999995,-0.012490824755365088,-1,-0.14364448468669874
0.5698061041444722,-3.700000000000003,0.059354802515049127,-1,0.6825802289230657
0.0,-4.999999999999998,0,-1,0.0
0.0,-3.3000000000000016,0,-1,0.0
-0.14130195249448294,-3.700000000000003,-0.004302286718175147,-1,-0.14947629725901587
0.0,-4.300000000000001,0,-1,0.0
0.1714746425031836,-3.800000000000003,0.017677798196204464,-1,0.20329467925635172
-2.2999999999999994,-3.5000000000000018,1,-1,-0.19999999999999848
1.9999999999999991,-3.800000000000002,-1,-1,0.19999999999999848
-0.7999999999999984,-4.999999999999998,1,-1,-0.19999999999999848
-0.846389930923453,-4.8999999999999995,-0.07836943804846797,-1,-0.9012485375573805
0.0,-4.899999999999999,0,-1,0.0
0.0,-3.800000000000002,0,-1,0.0
0.0,-4.4,0,-1,0.0
2.800000000000001,-2.800000000000001,1,-1,0.19999999999999848
1.1072341138103268,-3.6000000000000028,0.10602464355898147,-1,1.3192834009282903
0.9999999999999983,-4.799999999999999,-1,-1,0.19999999999999848
2.6999999999999997,-3.1000000000000014,-1,-1,0.19999999999999848
-0.8999999999999984,-4.899999999999999,1,-1,-0.19999999999999848
0.0,-4.999999999999998,0,-1,0.0
-1.1999999999999984,-4.6,1,-1,-0.19999999999999848
0.7213533849100207,-4.999999999999999,0.07535352155137823,-1,0.7665654978408474
0.0,-3.700000000000002,0,-1,0.0
0.6741942474831382,-4.300000000000002,0.07590139681207247,-1,0.7728660633388325
0.7999999999999984,-4.999999999999998,-1,-1,0.19999999999999848
0.0,-4.6,0,-1,0.0
0.0,-3.800000000000002,0,-1,0.0
-1.6529184434430813,-4.7,-0.15593570221161135,-1,-1.7932605754335316
-1.6999999999999988,-4.100000000000001,1,-1,-0.19999999999999848
-1.4406234574919625,-3.6000000000000028,-0.16217089026231196,-1,-1.7649652380165866
0.9397728446276796,-3.4000000000000026,0.11180353168039592,-1,1.1857406143245517
-0.9999999999999983,-4.799999999999999,1,-1,-0.19999999999999848
0.0,-4.300000000000001,0,-1,0.0
0.0,-4.4,0,-1,0.0
-1.759021073926684,-4.8999999999999995,-0.1536130624006184,-1,-1.8665502176071176
1.2140183091656698,-3.3000000000000025,0.12108894664844244,-1,1.4925228864570868
-1.6186707292546976,-4.500000000000001,-0.16525680088987527,-1,-1.8004532102335598
0.0,-4.100000000000001,0,-1,0.0
0.0,-4.100000000000001,0,-1,0.0
-2.6999999999999997,-3.1000000000000014,1,-1,-0.19999999999999848
1.2021795617037454,-4.7,0.10397920393431548,-1,1.2957608452446285
1.6999999999999988,-4.100000000000001,-1,-1,0.19999999999999848
0.0,-4.999999999999998,0,-1,0.0
0.0,-4.000000000000002,0,-1,0.0
0.9999999999999983,-4.799999999999999,-1,-1,0.19999999999999848
1.1999999999999984,-4.6,-1,-1,0.19999999999999848
1.5193123954583072,-4.400000000000001,0.14750605781148593,-1,1.6963196648320906
0.0,-3.800000000000002,0,-1,0.0
1.5921692169422086,-3.4000000000000026,0.18195367924109754,-1,1.9924673112726243
-0.7999999999999984,-4.999999999999998,1,-1,-0.19999999999999848
2.4999999999999996,-3.3000000000000016,-1,-1,0.19999999999999848
1.560257941621865,-4.500000000000001,0.1404094174636411,-1,1.7147083008318695
1.3619458464400405,-4.999999999999999,0.11577484829725115,-1,1.4314107554183917
0.9966850059753837,-4.7,0.08459292509201691,-1,1.0728186385581993
-0.13750704101667677,-4.7,-0.0035384000959128026,-1,-0.14069160110299817
0.9745940417023164,-4.100000000000002,0.10745940417023203,-1,1.1357831479576637
-0.8757522540407339,-3.3000000000000025,-0.08432089717834057,-1,-1.069690317550917
-1.138570183865665,-3.5000000000000027,-0.12112448764528377,-1,-1.3929316079207599
-1.3999999999999986,-4.4,1,-1,-0.19999999999999848
1.8828447463028353,-4.6000000000000005,0.16979473774312673,-1,2.0526394840459625
-0.5930088297307283,-4.6000000000000005,-0.06600084092673619,-1,-0.6590096706574649
0.9203131106872184,-4.6000000000000005,0.07812505816068711,-1,0.9984381688479058
-0.3159229202421659,-4.8,-0.03887130095721192,-1,-0.34701996100793525
1.9999999999999991,-3.800000000000002,-1,-1,0.19999999999999848
0.0,-3.900000000000002,0,-1,0.0
1.799999999999999,-4.000000000000002,-1,-1,0.19999999999999848
0.2328759222028235,-4.6000000000000005,0.012654849733602036,-1,0.24553077193642558
1.0999999999999983,-4.699999999999999,-1,-1,0.19999999999999848
0.0,-3.3000000000000016,0,-1,0.0
-1.9999999999999991,-3.800000000000002,1,-1,-0.19999999999999848
1.9785239118073588,-4.300000000000002,0.1841690109615052,-1,2.2179436260573135
0.5862449931392542,-3.700000000000003,0.06106718678533904,-1,0.7022726480313973
1.2999999999999985,-4.5,-1,-1,0.19999999999999848
-1.0999999999999983,-4.699999999999999,1,-1,-0.19999999999999848
0.450672948359816,-4.400000000000001,0.043754655180564705,-1,0.5031785345764934
-0.9999999999999983,-4.799999999999999,1,-1,-0.19999999999999848
-1.9999999999999991,-3.800000000000002,1,-1,-0.19999999999999848
-1.071955967960177,-4.8,-0.10952859513646512,-1,-1.1595788440693493
0.9395981694813254,-3.000000000000002,0.11680878308778958,-1,1.2433010055095781
-0.7999999999999984,-4.999999999999998,1,-1,-0.19999999999999848
1.4682264710987447,-3.900000000000003,0.16002310929579036,-1,1.7402657569015885
1.8876751053230614,-3.800000000000003,0.18429640261062505,-1,2.2194086300221874
1.2483552244200216,-3.5000000000000027,0.1434420451510664,-1,1.549583519237259
-0.7319365027944432,-4.7,-0.0596166512070227,-1,-0.7855914888807638
-1.899999999999999,-3.900000000000002,1,-1,-0.19999999999999848
1.9999999999999991,-3.800000000000002,-1,-1,0.19999999999999848
2.4999999999999996,-3.3000000000000016,-1,-1,0.19999999999999848
0.0,-3.700000000000002,0,-1,0.0
-0.9680989344604176,-4.000000000000003,-0.08768676105660755,-1,-1.108397752150989
0.7975896562741015,-3.800000000000003,0.07191645940970096,-1,0.9270392832115634
0.30417351769627926,-3.000000000000002,0.04541275479733495,-1,0.4222466801693499
0.6958994358946134,-4.300000000000002,0.07802935646025647,-1,0.7973375992929467
1.1158960069617179,-3.6000000000000028,0.10693642178544356,-1,1.329768850532606
0.20324504447991387,-3.6000000000000028,0.010867899418938037,-1,0.22498084331779022
0.20662999964841788,-3.700000000000003,0.011107291630043342,-1,0.2277338537455003
0.9775021904390533,-3.800000000000003,0.0904641433442322,-1,1.140337648458673
-0.8999999999999984,-4.899999999999999,1,-1,-0.19999999999999848
1.6427480086199822,-4.6000000000000005,0.1659760008209506,-1,1.8087240094409331
-1.899999999999999,-3.900000000000002,1,-1,-0.19999999999999848
1.8570553547176507,-3.4000000000000026,0.1889306833029734,-1,2.27270285798419
1.4637029946918771,-4.7,0.13808518817847917,-1,1.5879796640525077
-0.1542458351697696,-4.100000000000002,-0.01542458351697698,-1,-0.17738271044523504
-1.5999999999999988,-4.200000000000001,1,-1,-0.19999999999999848
1.3999999999999986,-4.4,-1,-1,0.19999999999999848
0.0,-2.3000000000000007,0,-1,0.0
1.2999999999999985,-4.5,-1,-1,0.19999999999999848
0.7999999999999984,-4.999999999999998,-1,-1,0.19999999999999848
-1.0999999999999983,-4.699999999999999,1,-1,-0.19999999999999848
-2.4999999999999996,-3.3000000000000016,1,-1,-0.19999999999999848
0.0,-2.3000000000000007,0,-1,0.0
-1.8148516149699863,-4.000000000000003,-0.17321733484545343,-1,-2.0919993507227113
2.0021253493278137,-4.7,0.1983137122007375,-1,2.1806076903084772
0.7999999999999984,-4.999999999999998,-1,-1,0.19999999999999848
-0.4078361453277264,-3.000000000000002,-0.057060241048059346,-1,-0.5561927720526803
2.2999999999999994,-3.5000000000000018,-1,-1,0.19999999999999848
0.11730435959499041,-4.500000000000001,0.0016638807302874203,-1,0.11913462839830655
0.0,-4.000000000000002,0,-1,0.0
0.681706541424771,-4.200000000000002,0.05759470707175929,-1,0.7623391313252347
0.0,-4.999999999999998,0,-1,0.0
0.9869882623262901,-3.1000000000000023,0.12077647359181004,-1,1.288929446305816
-0.8357752275408454,-4.100000000000002,-0.09357752275408465,-1,-0.9761415116719725
-0.3503096975227979,-4.300000000000002,-0.03434408799243119,-1,-0.3949570119129584
2.099999999999999,-3.700000000000002,-1,-1,0.19999999999999848
0.0,-3.2000000000000015,0,-1,0.0
-0.09986627240999985,-4.000000000000003,-0.010087502263636333,-1,-0.11600627603181807
-2.700000000000001,-2.700000000000001,-1,-1,-0.19999999999999848
0.0,-4.200000000000001,0,-1,0.0
-0.9999999999999983,-4.799999999999999,1,-1,-0.19999999999999848
0.24269038827522255,-3.900000000000003,0.0349684069668596,-1,0.3021366801188843
0.0,-3.5000000000000018,0,-1,0.0
-0.29713186812863757,-3.5000000000000027,-0.020971475332833556,-1,-0.3411719663275886
1.7867546728633508,-4.300000000000002,0.1751720267513086,-1,2.0144783076400525
0.7719253513802751,-3.900000000000003,0.08897197463064038,-1,0.923177708252364
2.099999999999999,-3.700000000000002,-1,-1,0.19999999999999848
1.899999999999999,-3.900000000000002,-1,-1,0.19999999999999848
0.0,-4.999999999999998,0,-1,0.0
-1.7698620358271313,-4.999999999999999,-0.17154697576395755,-1,-1.8727902212855052
0.0,-4.000000000000002,0,-1,0.0
0.8459900408781343,-3.700000000000003,0.09854062925813906,-1,1.0332172364685988
-0.9267483909858002,-4.8999999999999995,-0.07655077694312945,-1,-0.9803339348459909
1.899999999999999,-3.900000000000002,-1,-1,0.19999999999999848
1.1219872680766723,-3.6000000000000028,0.11810392295543899,-1,1.3581951139875508
-1.6178233954009673,-3.800000000000003,-0.177095195402162,-1,-1.9365947471248581
-2.3999999999999995,-3.4000000000000017,1,-1,-0.19999999999999848
0.5345466722549449,-3.3000000000000025,0.058102899158146176,-1,0.6681833403186823
0.0,-4.6,0,-1,0.0
-0.23220683680275822,-4.8999999999999995,-0.012241373778032971,-1,-0.24077579844738134
0.8939799181072506,-4.999999999999999,0.08201650624837181,-1,0.9431898218562734
-2.4999999999999996,-3.3000000000000016,1,-1,-0.19999999999999848
1.8312690573703296,-4.400000000000001,0.17779311236605136,-1,2.044620792209591
0.0,-4.799999999999999,0,-1,0.0
0.0,-4.999999999999998,0,-1,0.0
0.7999999999999984,-4.999999999999998,-1,-1,0.19999999999999848
-0.5738857084600694,-1.8000000000000014,-0.06154359850130747,-1,-0.8077513827650397
0.8457181799419475,-4.999999999999999,0.07758882384788524,-1,0.8922714742506785
-0.15889672478865755,-3.900000000000003,-0.02641803314169988,-1,-0.20380738112954744
-0.6477011756555353,-4.999999999999999,-0.05942212620692988,-1,-0.683354451379693
0.9999999999999983,-4.799999999999999,-1,-1,0.19999999999999848
-0.24265441676436042,-4.8,-0.013332188482650276,-1,-0.2533201675504807
-2.8,-3.0000000000000013,1,-1,-0.19999999999999848
0.17167274909174038,-2.0000000000000013,0.009072499885030172,-1,0.2043337486778494
1.6999999999999988,-4.100000000000001,-1,-1,0.19999999999999848
-1.6806850548123446,-3.4000000000000026,-0.1699661349260585,-1,-2.0546105516496733
-1.9453950615735183,-4.8,-0.19115841696948754,-1,-2.0983217951491087
-0.6983687342176051,-4.500000000000001,-0.06715083982861597,-1,-0.7722346580290825
0.0,-4.300000000000001,0,-1,0.0
0.0,-3.900000000000002,0,-1,0.0
0.7999999999999984,-4.999999999999998,-1,-1,0.19999999999999848
0.0,-4.300000000000001,0,-1,0.0
-0.7999999999999984,-4.999999999999998,1,-1,-0.19999999999999848
-0.9092536471369562,-4.8,-0.08497697636793994,-1,-0.977235228231308
-0.7669841125556329,-4.8,-0.07168075818276948,-1,-0.8243287191018485
-2.3999999999999995,-3.4000000000000017,1,-1,-0.19999999999999848
0.9709742602342234,-3.4000000000000026,0.09365314626174448,-1,1.1770111820100624
0.7999999999999984,-4.999999999999998,-1,-1,0.19999999999999848
-1.2999999999999985,-4.5,1,-1,-0.19999999999999848
0.5317626204478982,-4.8999999999999995,0.04923727967110175,-1,0.5662287162176693
-0.745615624766036,-3.6000000000000028,-0.06795953944905647,-1,-0.8815347036641484
-0.6283068554410995,-3.900000000000003,-0.07431702606541857,-1,-0.7546457997523102
2.038232784935965,-4.8999999999999995,0.18872525786444092,-1,2.170340465441074
0.8999999999999984,-4.899999999999999,-1,-1,0.19999999999999848
-1.4557205942140525,-4.7,-0.13733213152962748,-1,-1.579319512590718
1.0999999999999983,-4.699999999999999,-1,-1,0.19999999999999848
2.5999999999999996,-3.2000000000000015,-1,-1,0.19999999999999848
0.9999999999999983,-4.799999999999999,-1,-1,0.19999999999999848
-1.0999999999999983,-4.699999999999999,1,-1,-0.19999999999999848
0.0,-2.1000000000000005,0,-1,0.0
-2.400000000000001,-2.400000000000001,-1,-1,-0.19999999999999848
-0.10327013298537069,-4.999999999999999,-0.00030001220049258315,-1,-0.10345014030566624
1.0999999999999983,-4.699999999999999,-1,-1,0.19999999999999848
-1.9630345153153672,-4.500000000000001,-0.18875331878032403,-1,-2.170663165973725
0.0,-4.899999999999999,0,-1,0.0
1.38947082848785,-3.900000000000003,0.14178273760080073,-1,1.6305014824092132
-0.8999999999999984,-4.899999999999999,1,-1,-0.19999999999999848
-1.899999999999999,-3.900000000000002,1,-1,-0.19999999999999848
-1.8347334522101224,-4.300000000000002,-0.17987582864805168,-1,-2.0685720294525884
0.3516831519892654,-3.2000000000000024,0.02765748922958941,-1,0.41806112614028007
0.7999999999999984,-4.999999999999998,-1,-1,0.19999999999999848
0.0,-3.900000000000002,0,-1,0.0
-0.7826659769222252,-3.6000000000000028,-0.08238589230760274,-1,-0.9474377615374304
-0.7999999999999984,-4.999999999999998,1,-1,-0.19999999999999848
0.0,-3.700000000000002,0,-1,0.0
0.7220344060740712,-3.900000000000003,0.0736769802116399,-1,0.8472852724338591
0.8999999999999984,-4.899999999999999,-1,-1,0.19999999999999848
2.5999999999999996,-3.2000000000000015,-1,-1,0.19999999999999848
0.7436167907485223,-3.2000000000000024,0.07072711986247474,-1,0.9133618784184618
-2.3999999999999995,-3.4000000000000017,1,-1,-0.19999999999999848
0.9999999999999983,-4.799999999999999,-1,-1,0.19999999999999848
0.3156132055202219,-4.000000000000003,0.03188012176971938,-1,0.36662140035177315
-1.1999999999999984,-4.6,1,-1,-0.19999999999999848
0.19517000234515372,-4.100000000000002,0.009517000234515294,-1,0.2094455026969265
0.3741122946096015,-2.900000000000002,0.03114912438745457,-1,0.45821493045572875
-1.259070548311212,-4.100000000000002,-0.13590705483112114,-1,-1.462931130557894
2.8,-3.0000000000000013,-1,-1,0.19999999999999848
-0.38697243436932327,-2.900000000000002,-0.055337776632877866,-1,-0.5363844312780932
-1.0999999999999983,-4.699999999999999,1,-1,-0.19999999999999848
1.7248817883043752,-4.999999999999999,0.14907172369764862,-1,1.8143248225229647
0.9999999999999983,-4.799999999999999,-1,-1,0.19999999999999848
0.0,-4.899999999999999,0,-1,0.0
-0.8999999999999984,-4.899999999999999,1,-1,-0.19999999999999848
-0.49151348654371935,-4.8999999999999995,-0.03625124875404806,-1,-0.5168893606715529
0.0,-4.100000000000001,0,-1,0.0
0.523402973839854,-3.800000000000003,0.0642683478185418,-1,0.6390859999132283
1.5999999999999988,-4.200000000000001,-1,-1,0.19999999999999848
-1.9999999999999991,-3.800000000000002,1,-1,-0.19999999999999848
1.4999999999999987,-4.300000000000001,-1,-1,0.19999999999999848
-0.868210469697242,-3.5000000000000027,-0.09236281592523843,-1,-1.0621723831402428
-1.2999999999999985,-4.5,1,-1,-0.19999999999999848
0.15241197391779876,-4.200000000000002,0.024991284546316883,-1,0.18739977228264232
0.0,-4.999999999999998,0,-1,0.0
0.0,-3.800000000000002,0,-1,0.0
0.8239386120439907,-4.7,0.0871640200041503,-1,0.9023862300477258
-1.0999999999999983,-4.699999999999999,1,-1,-0.19999999999999848
-0.9999999999999983,-4.799999999999999,1,-1,-0.19999999999999848
-1.5574150168088199,-3.000000000000002,-0.17499045132683405,-1,-2.0123901902585857
-0.030139629018511443,-3.5000000000000027,-0.0032063435126075956,-1,-0.03687295039498735
2.5999999999999996,-3.2000000000000015,-1,-1,0.19999999999999848
-1.2999999999999985,-4.5,1,-1,-0.19999999999999848
-1.6058746136481163,-4.8,-0.15942753398580561,-1,-1.7334166408367606
1.272892441429278,-4.7,0.11065023032351631,-1,1.372477648720443
-0.23825033474451557,-3.700000000000003,-0.024817743202553727,-1,-0.2854040468293676
0.2005361679977463,-4.999999999999999,0.018397813577774924,-1,0.2115748561444112
1.470155871689113,-4.100000000000002,0.15701558716891123,-1,1.7056792524424804
1.6999999999999988,-4.100000000000001,-1,-1,0.19999999999999848
-0.7862000505331865,-3.900000000000003,-0.07002041331971293,-1,-0.9052347531766977
-0.8525714702560165,-4.400000000000001,-0.07306519128699185,-1,-0.9402496998004066
-1.9999999999999991,-3.800000000000002,1,-1,-0.19999999999999848
0.48384616521477886,-4.400000000000001,0.04697535584609508,-1,0.5402165922300929
1.899999999999999,-3.900000000000002,-1,-1,0.19999999999999848
0.24964867957892667,-3.900000000000003,0.015270273426420816,-1,0.2756081444038423
-0.7587988610600637,-4.300000000000002,-0.08419596677059454,-1,-0.8682536178618371
-1.899999999999999,-3.900000000000002,1,-1,-0.19999999999999848
-1.899999999999999,-3.900000000000002,1,-1,-0.19999999999999848
-1.0999999999999983,-4.699999999999999,1,-1,-0.19999999999999848
-2.181311336422861,-4.8,-0.19451507817036034,-1,-2.33692339895915
-0.741137148839253,-4.999999999999999,-0.05881992191185803,-1,-0.7764291019863677
-1.3999999999999986,-4.4,1,-1,-0.19999999999999848
0.0,-4.100000000000001,0,-1,0.0
0.8999999999999984,-4.899999999999999,-1,-1,0.19999999999999848
1.2999999999999985,-4.5,-1,-1,0.19999999999999848
-1.9999999999999991,-3.800000000000002,1,-1,-0.19999999999999848
0.7576357039558594,-4.000000000000003,0.07652885898544022,-1,0.8800818783325646
0.7999999999999984,-4.999999999999998,-1,-1,0.19999999999999848
0.0,-4.999999999999998,0,-1,0.0
0.29792582040666526,-3.800000000000003,0.020404723753264242,-1,0.3346543231625414
-1.6999999999999988,-4.100000000000001,1,-1,-0.19999999999999848
-0.24808369553953377,-3.700000000000003,-0.03625871828536828,-1,-0.31697526028173395
1.2092099499890323,-4.200000000000002,0.12962474752366676,-1,1.3906845965221657
-1.314000483955428,-4.6000000000000005,-0.1251429032338504,-1,-1.4391433871892783
-0.10862088061944387,-4.999999999999999,-0.01913953033205923,-1,-0.1201045988186794
1.6999999999999988,-4.100000000000001,-1,-1,0.19999999999999848
0.0,-3.3000000000000016,0,-1,0.0
-0.9999999999999983,-4.799999999999999,1,-1,-0.19999999999999848
2.3999999999999995,-3.4000000000000017,-1,-1,0.19999999999999848
0.0,-4.999999999999998,0,-1,0.0
0.8999999999999984,-4.899999999999999,-1,-1,0.19999999999999848
0.0,-3.900000000000002,0,-1,0.0
-1.2338531603988407,-3.900000000000003,-0.13610746534682083,-1,-1.4652358514884343
1.2718654972017944,-4.300000000000002,0.13449661737272506,-1,1.446711099786338
1.6999999999999988,-4.100000000000001,-1,-1,0.19999999999999848
-1.618026575307067,-4.6000000000000005,-0.14457395955305413,-1,-1.7626005348601208
0.0,-4.999999999999998,0,-1,0.0
1.0999999999999983,-4.699999999999999,-1,-1,0.19999999999999848
-1.196073296112443,-4.8,-0.12112834543106943,-1,-1.2929759724572987
-0.5118171284769772,-4.400000000000001,-0.059399721211357115,-1,-0.583096793930606
1.0999999999999983,-4.699999999999999,-1,-1,0.19999999999999848
0.0,-4.899999999999999,0,-1,0.0
-0.6845129251706856,-4.000000000000003,-0.05904170961320049,-1,-0.7789796605518058
-1.4168147077870614,-4.999999999999999,-0.12998300071440932,-1,-1.4948045082157067
0.0,-4.699999999999999,0,-1,0.0
1.2999999999999985,-4.5,-1,-1,0.19999999999999848
2.0765949088845956,-4.999999999999999,0.19968760631968802,-1,2.1964074726764093
1.202708498568943,-4.8,0.1030568690251347,-1,1.2851539937890513
0.018862682115463797,-4.999999999999999,0.0017305212949966786,-1,0.019900994892461804
0.0,-4.200000000000001,0,-1,0.0
-1.899999999999999,-3.900000000000002,1,-1,-0.19999999999999848
1.3722690568438338,-3.5000000000000027,0.13534777200466297,-1,1.6564993780536275
-0.9999999999999983,-4.799999999999999,1,-1,-0.19999999999999848
0.0,-3.5000000000000018,0,-1,0.0
-2.2999999999999994,-3.5000000000000018,1,-1,-0.19999999999999848
0.12025062822558857,-3.900000000000003,0.01227047226791722,-1,0.14111043108104798
-1.2999999999999985,-4.5,1,-1,-0.19999999999999848
0.0,-4.999999999999998,0,-1,0.0
0.8999999999999984,-4.899999999999999,-1,-1,0.19999999999999848
1.7129007602824,-4.8999999999999995,0.1493426629891107,-1,1.817440624374778
-1.899999999999999,-3.900000000000002,1,-1,-0.19999999999999848
0.5161685081903479,-4.999999999999999,0.0473549090082889,-1,0.5445814535953214
-0.94215899277374,-3.700000000000003,-0.08772489508059789,-1,-1.1088362934268767
0.4588594973600249,-2.800000000000002,0.0527424709609223,-1,0.606538416050608
-1.2999999999999985,-4.5,1,-1,-0.19999999999999848
1.9003310527579265,-4.400000000000001,0.18449816046193487,-1,2.121728845312249
-0.5795620420662656,-4.000000000000003,-0.06864263051174413,-1,-0.6893902508850557
1.5999999999999988,-4.200000000000001,-1,-1,0.19999999999999848
1.2061179280198484,-4.8999999999999995,0.1116775859277638,-1,1.2842922381692825
-2.4999999999999996,-3.3000000000000016,1,-1,-0.19999999999999848
0.7999999999999984,-4.999999999999998,-1,-1,0.19999999999999848
-1.0319500922730225,-3.1000000000000023,-0.11466112136366896,-1,-1.3186028956821934
1.4999999999999987,-4.300000000000001,-1,-1,0.19999999999999848
2.3999999999999995,-3.4000000000000017,-1,-1,0.19999999999999848
1.7045020677875837,-3.4000000000000026,0.18327979223522362,-1,2.107717610705078
-0.9232405610101997,-3.5000000000000027,-0.10885537883087265,-1,-1.1518368565550312
-1.1999999999999984,-4.6,1,-1,-0.19999999999999848
0.0,-3.900000000000002,0,-1,0.0
1.272821538934205,-4.400000000000001,0.12357490669264126,-1,1.4211114269653737
-1.3461668653644245,-4.999999999999999,-0.11432723535453404,-1,-1.4147632065771452
1.899999999999999,-3.900000000000002,-1,-1,0.19999999999999848
0.0,-4.4,0,-1,0.0
-1.1999999999999984,-4.6,1,-1,-0.19999999999999848
1.5999999999999988,-4.200000000000001,-1,-1,0.19999999999999848
0.7925147987998059,-4.7,0.0653315847924345,-1,0.8513132251129966
-1.2470186599878301,-4.999999999999999,-0.10523106972365398,-1,-1.310157301822023
0.0,-3.800000000000002,0,-1,0.0
0.0,-3.700000000000002,0,-1,0.0
-0.731705702309266,-4.300000000000002,-0.061931931598947554,-1,-0.8122172133878978
0.0,-4.699999999999999,0,-1,0.0
0.11337862517664661,-4.8999999999999995,0.010498020849689482,-1,0.12072723977142927
-0.6393416970509725,-4.100000000000002,-0.06393416970509719,-1,-0.7352429516086191
-0.13317323224097213,-3.000000000000002,-0.0037273294652775957,-1,-0.14286428885069388
0.0,-4.4,0,-1,0.0
-1.6999999999999988,-4.100000000000001,1,-1,-0.19999999999999848
-1.22364882715243,-2.800000000000002,-0.12915503760372715,-1,-1.5852829324428672
0.5810105521038543,-3.4000000000000026,0.051721564742349874,-1,0.6947979945370236
-0.14388404836827834,-4.300000000000002,-0.014106279251792003,-1,-0.16222221139560805
-0.6298223844965615,-3.800000000000003,-0.07523942108211995,-1,-0.7652533424443765
0.9509081935617953,-4.400000000000001,0.092321183840951,-1,1.0616936141709366
1.6884803985239847,-4.200000000000002,0.1770772671805931,-1,1.9363885725768135
0.0,-4.6,0,-1,0.0
0.0,-3.900000000000002,0,-1,0.0
-1.8350522424621076,-4.300000000000002,-0.18971100416295222,-1,-2.081676547873945
0.0,-4.5,0,-1,0.0
-1.08350484624672,-4.8,-0.09191634077072147,-1,-1.157037918863297
-2.600000000000001,-2.600000000000001,-1,-1,-0.19999999999999848
-1.0999999999999983,-4.699999999999999,1,-1,-0.19999999999999848
0.9690178686788637,-4.8999999999999995,0.09898313598878375,-1,1.0383060638710124
1.6133830719703992,-4.8999999999999995,0.14938732147874095,-1,1.7179541970055172
0.23965483809498456,-4.999999999999999,0.031160994320640956,-1,0.2583514346873691
0.29859999874962684,-4.000000000000003,0.020060605934305642,-1,0.3306969682445158
1.2999999999999985,-4.5,-1,-1,0.19999999999999848
0.0,-3.700000000000002,0,-1,0.0
-1.6999999999999988,-4.100000000000001,1,-1,-0.19999999999999848
1.5193471951112667,-4.000000000000003,0.16357042374861286,-1,1.7810598731090483
-1.1793267980449291,-3.3000000000000025,-0.1173181302222745,-1,-1.449158497556161
0.36587963964956943,-4.6000000000000005,0.025321870442816058,-1,0.3912015100923854
0.0,-3.800000000000002,0,-1,0.0
1.1156779848447846,-4.999999999999999,0.11153009035273276,-1,1.1825960390564236
0.11537924155109432,-3.2000000000000024,0.023668048522098445,-1,0.17218255800413085
0.0,-4.5,0,-1,0.0
-1.2999999999999985,-4.5,1,-1,-0.19999999999999848
1.688763315789902,-3.3000000000000025,0.18356122997716354,-1,2.1109541447373763
-0.1289275742926545,-4.300000000000002,-0.02244387983261334,-1,-0.15810461807505166
0.8130124044319557,-4.400000000000001,0.07893324314873365,-1,0.9077322962104356
0.0,-4.899999999999999,0,-1,0.0
0.08598224834964945,-4.999999999999999,0.007888279665105469,-1,0.09071521614871271
0.0,-4.6,0,-1,0.0
0.0,-4.999999999999998,0,-1,0.0
-2.0318598503829675,-4.8,-0.1992392383535488,-1,-2.191251241065806
-1.2999999999999985,-4.5,1,-1,-0.19999999999999848
0.1613753392866551,-4.8999999999999995,0.014942161045060687,-1,0.17183485201819754
1.899999999999999,-3.900000000000002,-1,-1,0.19999999999999848
1.021498808972937,-4.500000000000001,0.10783642393970566,-1,1.1401188753066145
1.255639737156679,-4.8999999999999995,0.11626293862561861,-1,1.3370237941946113
-2.6999999999999997,-3.1000000000000014,1,-1,-0.19999999999999848
2.099999999999999,-3.700000000000002,-1,-1,0.19999999999999848
0.0,-4.799999999999999,0,-1,0.0
0.11079133351694763,-3.3000000000000025,0.022912101469233587,-1,0.16348916689618478
0.8531839919339348,-1.8000000000000014,0.097816102848563,-1,1.2248851827584721
-1.899999999999999,-3.900000000000002,1,-1,-0.19999999999999848
2.099999999999999,-3.700000000000002,-1,-1,0.19999999999999848
-2.3999999999999995,-3.4000000000000017,1,-1,-0.19999999999999848
-2.099999999999999,-3.700000000000002,1,-1,-0.19999999999999848
-1.9782485468267683,-4.000000000000003,-0.1998230855380571,-1,-2.2979654836876606
-1.2999999999999985,-4.5,1,-1,-0.19999999999999848
0.0,-3.4000000000000017,0,-1,0.0
-0.2213564509758421,-3.900000000000003,-0.01238331132406531,-1,-0.24240808022675328
2.099999999999999,-3.700000000000002,-1,-1,0.19999999999999848
0.8999999999999984,-4.899999999999999,-1,-1,0.19999999999999848
-1.6999999999999988,-4.100000000000001,1,-1,-0.19999999999999848
0.0,-4.899999999999999,0,-1,0.0
1.799999999999999,-4.000000000000002,-1,-1,0.19999999999999848
0.5292006688958107,-4.300000000000002,0.06168634008782467,-1,0.6093929110099823
1.0450052531569882,-2.600000000000002,0.11117708860670446,-1,1.378536518977101
1.2027551946833084,-4.7,0.11346747119653858,-1,1.3048759187601924
0.48716982089639616,-3.1000000000000023,0.06524109121071078,-1,0.6502725489231723
1.0347532552732581,-3.5000000000000027,0.11008013353970832,-1,1.2659215357066433
-0.44911969193090084,-4.200000000000002,-0.044467296230782216,-1,-0.5113739066539962
1.2721973509327356,-3.900000000000003,0.11961197458497282,-1,1.4755377077271883
0.9702661677587592,-4.100000000000002,0.09702661677587572,-1,1.115806092922572
0.862538651477651,-2.5000000000000018,0.11458793469972062,-1,1.217761249046786
-1.5999999999999988,-4.200000000000001,1,-1,-0.19999999999999848
-1.9999999999999991,-3.800000000000002,1,-1,-0.19999999999999848
1.7950089407402858,-4.999999999999999,0.1738540312605771,-1,1.8993213594966316
1.899999999999999,-3.900000000000002,-1,-1,0.19999999999999848
-0.5992177948381598,-3.4000000000000026,-0.05367933277829662,-1,-0.7173123269504131
0.026556219375748435,-4.500000000000001,0.002553482632283499,-1,0.0293650502712603
0.17167600860214063,-4.200000000000002,0.026898614713083357,-1,0.2093340692004574
-1.2999999999999985,-4.5,1,-1,-0.19999999999999848
-0.7363699171120421,-4.6000000000000005,-0.07965427782019452,-1,-0.8160241949322369
0.0,-4.699999999999999,0,-1,0.0
-1.193136580447637,-4.000000000000003,-0.1306198566108726,-1,-1.402128351025032
1.8837222071940223,-3.900000000000003,0.19221655175449237,-1,2.21049034517666
1.3999999999999986,-4.4,-1,-1,0.19999999999999848
1.4181308168915716,-4.300000000000002,0.13903243302858567,-1,1.5988729798287324
-1.3724347620434934,-4.6000000000000005,-0.1307080725755706,-1,-1.503142834619065
-0.6348670501559143,-4.500000000000001,-0.07066029328422274,-1,-0.7125933727685592
2.099999999999999,-3.700000000000002,-1,-1,0.19999999999999848
1.899999999999999,-3.900000000000002,-1,-1,0.19999999999999848
-0.9094168177567343,-4.8,-0.0849922259585732,-1,-0.977410598523593
-0.8829510747378521,-4.6000000000000005,-0.08409057854646224,-1,-0.9670416532843139
0.3452251141239865,-4.8,0.032264029357381985,-1,0.37103633760989185
-0.10782720124337641,-4.500000000000001,-0.0007526155041706895,-1,-0.10865507829796414
-2.9,-2.9000000000000012,1,-1,-0.19999999999999848
-1.2552502522436155,-4.400000000000001,-0.1121602186644286,-1,-1.3898425146409288
1.899999999999999,-3.900000000000002,-1,-1,0.19999999999999848
-2.1984200934396125,-4.999999999999999,-0.19251560490271674,-1,-2.3139294563812425
0.4553553663121545,-3.700000000000003,0.057849517324183,-1,0.5652694492281024
0.0,-3.700000000000002,0,-1,0.0
1.0999999999999983,-4.699999999999999,-1,-1,0.19999999999999848
0.679672323121028,-4.500000000000001,0.05573772337702185,-1,0.7409838188357519
2.5999999999999996,-3.2000000000000015,-1,-1,0.19999999999999848
-0.8999999999999984,-4.899999999999999,1,-1,-0.19999999999999848
0.48271341353557595,-4.200000000000002,0.04779340728075007,-1,0.5496241837286255
2.4999999999999996,-3.3000000000000016,-1,-1,0.19999999999999848
1.3189179713918273,-3.700000000000003,0.13738728868664887,-1,1.5799538198964582
0.0,-4.000000000000002,0,-1,0.0
-0.47182352022504637,-4.7,-0.053945615115570666,-1,-0.5203745738290597
1.743788998205706,-4.6000000000000005,0.1660751426862578,-1,1.9098641408919632
0.0,-4.699999999999999,0,-1,0.0
0.0,-4.100000000000001,0,-1,0.0
0.0,-4.5,0,-1,0.0
2.1999999999999993,-3.600000000000002,-1,-1,0.19999999999999848
-1.5695793174676338,-4.200000000000002,-0.14550290271956745,-1,-1.7732833812750284
0.054037473473349376,-3.6000000000000028,0.00568815510245782,-1,0.065413783678265
1.9543722940970032,-4.6000000000000005,0.18613069467590476,-1,2.1405029887729086
0.537932780207257,-4.999999999999999,0.04935163121167502,-1,0.5675437589342619
-0.7999999999999984,-4.999999999999998,1,-1,-0.19999999999999848
1.9999999999999991,-3.800000000000002,-1,-1,0.19999999999999848
0.0,-2.500000000000001,0,-1,0.0
-2.1999999999999993,-3.600000000000002,1,-1,-0.19999999999999848
0.8294802380929605,-4.8,0.08686731197130496,-1,0.8989740876700043
1.814776207799929,-4.6000000000000005,0.16331201979046953,-1,1.9780882275903982
1.4676464089907104,-4.7,0.1290232461311987,-1,1.5837673305087896
-1.5492555251305404,-4.200000000000002,-0.15339163615153878,-1,-1.7640038157426945
-1.1395619458002997,-2.700000000000002,-0.13250720300003482,-1,-1.5238328345003984
0.6179121603412602,-4.999999999999999,0.056689189022133935,-1,0.6519256737545408
1.3999999999999986,-4.4,-1,-1,0.19999999999999848
1.3999999999999986,-4.4,-1,-1,0.19999999999999848
0.0,-4.699999999999999,0,-1,0.0
0.0,-4.799999999999999,0,-1,0.0
0.20064949395523152,-3.800000000000003,0.010376236490229868,-1,0.21932671963764533
0.8999999999999984,-4.899999999999999,-1,-1,0.19999999999999848
0.9813082129981607,-4.000000000000003,0.08902103161597581,-1,1.1237418635837233
0.0,-4.6,0,-1,0.0
1.0999999999999983,-4.699999999999999,-1,-1,0.19999999999999848
1.5619190989398737,-4.8,0.13662795317195087,-1,1.6712214614774341
-0.20617023738895837,-4.200000000000002,-0.020412894790986014,-1,-0.2347482900963387
0.0,-3.600000000000002,0,-1,0.0
2.2999999999999994,-3.5000000000000018,-1,-1,0.19999999999999848
-1.0999999999999983,-4.699999999999999,1,-1,-0.19999999999999848
-1.0999999999999983,-4.699999999999999,1,-1,-0.19999999999999848
-2.099999999999999,-3.700000000000002,1,-1,-0.19999999999999848
0.7243565761013795,-4.999999999999999,0.05728041982581447,-1,0.7587248279968684
2.500000000000001,-2.500000000000001,1,-1,0.19999999999999848
1.899999999999999,-3.900000000000002,-1,-1,0.19999999999999848
1.799999999999999,-4.000000000000002,-1,-1,0.19999999999999848
1.7257881624086524,-4.7,0.1628102040008165,-1,1.872317346009387
0.9999999999999983,-4.799999999999999,-1,-1,0.19999999999999848
-0.2869326485563017,-3.5000000000000027,-0.030524749846415095,-1,-0.3510346232337733
0.7999999999999984,-4.999999999999998,-1,-1,0.19999999999999848
1.6999999999999988,-4.100000000000001,-1,-1,0.19999999999999848
-2.1999999999999993,-3.600000000000002,1,-1,-0.19999999999999848
0.0,-4.699999999999999,0,-1,0.0
-2.1999999999999993,-3.600000000000002,1,-1,-0.19999999999999848
-1.0999999999999983,-4.699999999999999,1,-1,-0.19999999999999848
1.3999999999999986,-4.4,-1,-1,0.19999999999999848
-2.3999999999999995,-3.4000000000000017,1,-1,-0.19999999999999848
-2.1999999999999993,-3.600000000000002,1,-1,-0.19999999999999848
0.49930399064079006,-2.0000000000000013,0.05054480894187194,-1,0.6812653028315272
2.1715115180412443,-4.6000000000000005,0.19728681124202307,-1,2.3687983292832655
0.8999999999999984,-4.899999999999999,-1,-1,0.19999999999999848
0.0,-4.699999999999999,0,-1,0.0
1.899999999999999,-3.900000000000002,-1,-1,0.19999999999999848
-1.4999999999999987,-4.300000000000001,1,-1,-0.19999999999999848
-0.6838418546655073,-4.8,-0.06391045370705684,-1,-0.7349702176311527
0.0,-3.900000000000002,0,-1,0.0
0.0,-4.200000000000001,0,-1,0.0
0.0,-4.999999999999998,0,-1,0.0
-0.8999999999999984,-4.899999999999999,1,-1,-0.19999999999999848
-0.6923734849934495,-4.8999999999999995,-0.0641086560179121,-1,-0.7372495442059877
1.5999999999999988,-4.200000000000001,-1,-1,0.19999999999999848
-1.6789622978035392,-4.6000000000000005,-0.15037736169557497,-1,-1.8293396594991143
1.7358879910311966,-4.000000000000003,0.1854432314172929,-1,2.032597161298865
1.1999999999999984,-4.6,-1,-1,0.19999999999999848
-1.1999999999999984,-4.6,1,-1,-0.19999999999999848
1.120056298906118,-3.800000000000003,0.10516044318619744,-1,1.3093450966412754
-1.6741458690904034,-4.200000000000002,-0.15585602664261433,-1,-1.8923443063900622
-2.1999999999999993,-3.600000000000002,1,-1,-0.19999999999999848
-0.09559386780553895,-3.700000000000003,-0.020374361229743787,-1,-0.13430515414205224
1.899999999999999,-3.900000000000002,-1,-1,0.19999999999999848
-1.5953542000407102,-4.300000000000002,-0.15640727451379532,-1,-1.798683656908643
-2.085985290298553,-4.999999999999999,-0.18220048534849065,-1,-2.1953055815076468
-1.0364626754992716,-3.700000000000003,-0.11838152869784108,-1,-1.261387580025171
-2.6999999999999997,-3.1000000000000014,1,-1,-0.19999999999999848
0.1676784327799505,-4.8999999999999995,0.015525780812958384,-1,0.17854647934902132
0.5710433285656702,-4.000000000000003,0.06778215440057284,-1,0.679494775606587
-1.3999999999999986,-4.4,1,-1,-0.19999999999999848
0.0,-4.000000000000002,0,-1,0.0
2.8,-3.0000000000000013,-1,-1,0.19999999999999848
1.297792558678344,-3.4000000000000026,0.15030027512670374,-1,1.6284531639570943
0.9999999999999983,-4.799999999999999,-1,-1,0.19999999999999848
2.4999999999999996,-3.3000000000000016,-1,-1,0.19999999999999848
-1.5999999999999988,-4.200000000000001,1,-1,-0.19999999999999848
1.8000000000000005,-1.8000000000000005,1,-1,0.19999999999999848
0.0,-3.2000000000000015,0,-1,0.0
-2.5999999999999996,-3.2000000000000015,1,-1,-0.19999999999999848
1.0443531453186226,-4.7,0.08908991936968112,-1,1.1245340727513349
-0.020424330548716407,-3.3000000000000025,0.008649529288183189,-1,-0.0005304131858950641
-0.7999999999999984,-4.999999999999998,1,-1,-0.19999999999999848
1.0999999999999983,-4.699999999999999,-1,-1,0.19999999999999848
0.0,-3.700000000000002,0,-1,0.0
0.0,-3.800000000000002,0,-1,0.0
0.0,-3.900000000000002,0,-1,0.0
2.6999999999999997,-3.1000000000000014,-1,-1,0.19999999999999848
-1.3999999999999986,-4.4,1,-1,-0.19999999999999848
0.0531002278987748,-3.6000000000000028,0.016115813463029094,-1,0.08533185482483291
1.6999999999999988,-4.100000000000001,-1,-1,0.19999999999999848
-1.6741541954633277,-4.6000000000000005,-0.14991944718698302,-1,-1.8240736426503112
0.060011724207614914,-3.700000000000003,0.01666788793829338,-1,0.09168071129037234
-2.099999999999999,-3.700000000000002,1,-1,-0.19999999999999848
0.6117550920586441,-4.500000000000001,0.058822605005638906,-1,0.6764599575648463
-2.1999999999999993,-3.600000000000002,1,-1,-0.19999999999999848
-1.6999999999999988,-4.100000000000001,1,-1,-0.19999999999999848
1.5934491981471979,-3.1000000000000023,0.18816102201635562,-1,2.063851753188087
1.8425639966907303,-4.7,0.17382679214063523,-1,1.9990081096173014
0.0,-3.800000000000002,0,-1,0.0
1.899999999999999,-3.900000000000002,-1,-1,0.19999999999999848
1.9999999999999991,-3.800000000000002,-1,-1,0.19999999999999848
-0.06121040970525869,-4.8,0.0036251953546488913,-1,-0.0583102534215396
-0.04907829208744641,-4.8999999999999995,-0.004544286304393186,-1,-0.05225929250052164
0.0,-2.2000000000000006,0,-1,0.0
-0.2015713734180575,-4.8,-0.018838446113837115,-1,-0.21664213030912724
0.7047216131912468,-3.6000000000000028,0.0741812224411838,-1,0.8530840580736152
-1.171149205800744,-3.800000000000003,-0.11042775317533426,-1,-1.369919161516347
1.1999999999999984,-4.6,-1,-1,0.19999999999999848
-1.899643828472279,-3.6000000000000028,-0.1894361924707656,-1,-2.278516213413809
-1.5364617473294682,-3.3000000000000025,-0.1670067116662463,-1,-1.9205771841618353
1.6999999999999988,-4.100000000000001,-1,-1,0.19999999999999848
1.6284135742690982,-4.300000000000002,0.1596483896342249,-1,1.835956480793592
0.0,-4.999999999999998,0,-1,0.0
-1.0456016661576972,-3.900000000000003,-0.09648996593445891,-1,-1.209634608246277
1.2999999999999985,-4.5,-1,-1,0.19999999999999848
-1.799999999999999,-4.000000000000002,1,-1,-0.19999999999999848
-0.92056635474552,-3.5000000000000027,-0.10857088880271515,-1,-1.1485652212312212
-0.7718735464495738,-3.900000000000003,-0.07876260678056857,-1,-0.9057699779765414
-0.6944596241588034,-4.100000000000002,-0.07944596241588042,-1,-0.8136285677826242
-1.8670882085598361,-3.700000000000003,-0.18407168839164972,-1,-2.2168244165039726
1.5373146608243555,-4.200000000000002,0.1423083822598372,-1,1.7365463959881273
0.0,-3.800000000000002,0,-1,0.0
-1.0493410224194022,-3.700000000000003,-0.09888968983535429,-1,-1.2372314331065772
-1.9999999999999991,-3.800000000000002,1,-1,-0.19999999999999848
-1.603195314926647,-4.999999999999999,-0.15625645091070178,-1,-1.6969491854730676
-1.3703225219312383,-4.8,-0.11872173102161082,-1,-1.4652999067485275
0.0,-3.4000000000000017,0,-1,0.0
0.0,-4.000000000000002,0,-1,0.0
2.4999999999999996,-3.3000000000000016,-1,-1,0.19999999999999848
-0.26935954379183963,-4.000000000000003,-0.03730904482745867,-1,-0.3290540155157737
1.613915374877008,-4.6000000000000005,0.153706226178763,-1,1.7676216010557706
0.0,-4.000000000000002,0,-1,0.0
-1.0999999999999983,-4.699999999999999,1,-1,-0.19999999999999848
0.9647546572972985,-3.3000000000000025,0.09399507144535826,-1,1.1809433216216232
1.9999999999999991,-3.800000000000002,-1,-1,0.19999999999999848
-0.0881722261168424,-3.4000000000000026,-0.02023357270073589,-1,-0.13268608605846138
1.0999999999999983,-4.699999999999999,-1,-1,0.19999999999999848
0.0,-3.600000000000002,0,-1,0.0
1.2999999999999985,-4.5,-1,-1,0.19999999999999848
-1.7787553084520604,-4.7,-0.158373142306798,-1,-1.9212911365281786
0.0,-3.1000000000000014,0,-1,0.0
-0.8280055968002598,-4.200000000000002,-0.07207976205943134,-1,-0.928917263683464
0.11996939439994558,-4.500000000000001,0.01153551869230246,-1,0.1326584649614783
-0.7999999999999984,-4.999999999999998,1,-1,-0.19999999999999848
0.0,-4.999999999999998,0,-1,0.0
-0.9999999999999983,-4.799999999999999,1,-1,-0.19999999999999848
-1.941238325860411,-4.8,-0.19076993699630046,-1,-2.093854275457452
0.0,-4.300000000000001,0,-1,0.0
1.899999999999999,-3.900000000000002,-1,-1,0.19999999999999848
0.3715877185051041,-3.700000000000003,0.04912372067761517,-1,0.4649227877925729
2.1999999999999993,-3.600000000000002,-1,-1,0.19999999999999848
1.0506535715692225,-4.8,0.10753771696908654,-1,1.1366837451444913
-0.6138838291514237,-4.8,-0.04802652608891805,-1,-0.652305050022558
-0.7270126231917644,-4.999999999999999,-0.07587271772401533,-1,-0.7725362538261733
-1.4230835997986695,-4.6000000000000005,-0.12600796188558727,-1,-1.5490915616842575
0.0,-4.300000000000001,0,-1,0.0
1.204403673045517,-4.8999999999999995,0.12077811787458526,-1,1.2889483555577264
-0.8313698071069654,-4.999999999999999,-0.07627245936761168,-1,-0.8771332827275321
1.2067413789303132,-4.6000000000000005,0.11492775037431563,-1,1.3216691293046294
-1.899999999999999,-3.900000000000002,1,-1,-0.19999999999999848
-1.939841631084583,-4.7,-0.18300392746080962,-1,-2.1045451657993115
0.0,-4.200000000000001,0,-1,0.0
0.0,-3.600000000000002,0,-1,0.0
-1.799999999999999,-4.000000000000002,1,-1,-0.19999999999999848
0.29136903147279597,-4.400000000000001,0.018579517618717872,-1,0.3136644526152577
-0.8999999999999984,-4.899999999999999,1,-1,-0.19999999999999848
-0.845720907413565,-4.6000000000000005,-0.08054484832510134,-1,-0.9262657557386664
0.0,-4.899999999999999,0,-1,0.0
2.149585366003687,-4.7,0.193357110000348,-1,2.3236067650039995
-1.6785691815116668,-3.5000000000000027,-0.17857118952251744,-1,-2.053568679508955
-1.4999999999999987,-4.300000000000001,1,-1,-0.19999999999999848
-1.5364281625772005,-4.500000000000001,-0.13811809255550006,-1,-1.6883580643882496
1.4999999999999987,-4.300000000000001,-1,-1,0.19999999999999848
-0.9906768110338169,-4.300000000000002,-0.10692909912096255,-1,-1.1296846398910683
0.43598569858687475,-4.7,0.050564688545931796,-1,0.48149391827821314
-0.5675014298022335,-4.8999999999999995,-0.052546428685391944,-1,-0.6042839298820076
-1.899999999999999,-3.900000000000002,1,-1,-0.19999999999999848
0.8999999999999984,-4.899999999999999,-1,-1,0.19999999999999848
0.0,-3.700000000000002,0,-1,0.0
-0.5616817512755198,-4.999999999999999,-0.06070474782344226,-1,-0.5981045999695852
0.0,-3.900000000000002,0,-1,0.0
0.9999999999999983,-4.799999999999999,-1,-1,0.19999999999999848
0.7466424392360628,-3.800000000000003,0.08728272569443946,-1,0.9037513454860543
-2.3999999999999995,-3.4000000000000017,1,-1,-0.19999999999999848
0.0,-4.999999999999998,0,-1,0.0
1.5565522078340592,-2.800000000000002,0.19040829975104145,-1,2.0896954471369753
0.0,-4.6,0,-1,0.0
-1.9661522207588602,-4.8999999999999995,-0.19131039081100543,-1,-2.100069494326563
-0.4359654084711396,-4.500000000000001,-0.032304366199147866,-1,-0.4715002112902023
-0.5683912987214311,-4.8,-0.05312068212349824,-1,-0.61088784442023
-0.48225273780867955,-3.800000000000003,-0.060026055444193926,-1,-0.5902996376082279
0.45299788304102284,-4.300000000000002,0.03460763559225702,-1,0.49798780931095693
1.641696276678171,-3.800000000000003,0.16924703883280157,-1,1.946340946577212
0.4000785334977418,-2.900000000000002,0.034099833352015885,-1,0.49214808354818484
-1.4999999999999987,-4.300000000000001,1,-1,-0.19999999999999848
-0.3903823944013865,-4.7,-0.04626249003786684,-1,-0.4320186354354665
-1.2999999999999985,-4.5,1,-1,-0.19999999999999848
-1.172853650791623,-4.300000000000002,-0.11498565203839439,-1,-1.3223349984415367
1.799999999999999,-4.000000000000002,-1,-1,0.19999999999999848
-0.5382326573092366,-4.8,-0.05030211750553604,-1,-0.5784743513136656
-1.4999999999999987,-4.300000000000001,1,-1,-0.19999999999999848
0.0,-4.4,0,-1,0.0
1.647057879514428,-3.2000000000000024,0.17000636038620054,-1,2.05507314444131
-2.099999999999999,-3.700000000000002,1,-1,-0.19999999999999848
0.5083324580391869,-4.8,0.04750770635880247,-1,0.5463386231262289
1.761621570580446,-4.8,0.16463752996078915,-1,1.8933315945490776
-0.9999999999999983,-4.799999999999999,1,-1,-0.19999999999999848
0.6656567324881554,-4.000000000000003,0.057137043685671934,-1,0.7570760023852309
2.099999999999999,-3.700000000000002,-1,-1,0.19999999999999848
-0.8999999999999984,-4.899999999999999,1,-1,-0.19999999999999848
-2.080347115343858,-4.6000000000000005,-0.18860448717560535,-1,-2.2689516025194636
0.0,-4.4,0,-1,0.0
0.08424388819157236,-3.900000000000003,-0.001607766511064257,-1,0.08151068512276322
0.0,-4.999999999999998,0,-1,0.0
0.8999999999999984,-4.899999999999999,-1,-1,0.19999999999999848
-1.0224640251062995,-4.8999999999999995,-0.09467259491724994,-1,-1.0887348415483737
0.0,-3.800000000000002,0,-1,0.0
-0.6221959909940326,-3.4000000000000026,-0.06690279473054106,-1,-0.7693821394012231
-1.1631080814128791,-4.100000000000002,-0.1263108081412883,-1,-1.3525742936248109
-0.11263746269795634,-3.000000000000002,-0.023891849741343563,-1,-0.17475627202544938
-2.2999999999999994,-3.5000000000000018,1,-1,-0.19999999999999848
-0.3838973568609063,-2.900000000000002,-0.032261063279648144,-1,-0.4710022277159567
0.0,-3.4000000000000017,0,-1,0.0
-1.408277976860784,-3.4000000000000026,-0.1514277394473959,-1,-1.7414190036450556
1.0826225056241765,-4.200000000000002,0.09728935699249264,-1,1.2188276054136646
0.5963302498221887,-3.900000000000003,0.07105410712471333,-1,0.7171222319342005
-1.4196418724885773,-3.900000000000003,-0.1550654971927118,-1,-1.6832532177161883
1.0698952280905158,-4.999999999999999,0.08898121358628593,-1,1.1232839562422872
0.30327031045884606,-4.999999999999999,0.018648652335673754,-1,0.31445950186025035
-0.8999999999999984,-4.899999999999999,1,-1,-0.19999999999999848
0.0,-3.3000000000000016,0,-1,0.0
1.171874263431716,-3.900000000000003,0.11957900647262405,-1,1.3751585744351755
2.081896992641647,-4.100000000000002,0.19818969926416496,-1,2.379181541537893
0.9999999999999983,-4.799999999999999,-1,-1,0.19999999999999848
-1.2999999999999985,-4.5,1,-1,-0.19999999999999848
0.0,-4.300000000000001,0,-1,0.0
-1.5647168469975483,-4.300000000000002,-0.14359969088211233,-1,-1.7513964451442945
1.4999999999999987,-4.300000000000001,-1,-1,0.19999999999999848
0.9999999999999983,-4.799999999999999,-1,-1,0.19999999999999848
1.3999999999999986,-4.4,-1,-1,0.19999999999999848
1.929275103716655,-4.100000000000002,0.19292751037166564,-1,2.2186663692741555
0.0,-3.2000000000000015,0,-1,0.0
-0.9497708563793428,-3.800000000000003,-0.0979145212762208,-1,-1.1260169946765408
-2.4999999999999996,-3.3000000000000016,1,-1,-0.19999999999999848
0.18895943852023012,-3.1000000000000023,0.009884382057803176,-1,0.21367039366473806
-2.5999999999999996,-3.2000000000000015,1,-1,-0.19999999999999848
-0.9648005117613956,-3.800000000000003,-0.09946397028467985,-1,-1.143835658273818
-1.1092806932095416,-2.1000000000000014,-0.12616008665119255,-1,-1.5508409964887153
-1.0999999999999983,-4.699999999999999,1,-1,-0.19999999999999848
-0.5024376239694333,-3.700000000000003,-0.04192058583014924,-1,-0.5820867370467177
0.2308243054555753,-3.6000000000000028,0.024297295311113215,-1,0.27941889607780157
0.5191676145662797,-4.8999999999999995,0.05733033468206311,-1,0.5592988488437238
0.0,-4.200000000000001,0,-1,0.0
-1.3868719810863688,-4.999999999999999,-0.1180616496409514,-1,-1.457708970870939
0.0,-3.4000000000000017,0,-1,0.0
0.9999999999999983,-4.799999999999999,-1,-1,0.19999999999999848
-1.3032816055407168,-4.6000000000000005,-0.11459824814673464,-1,-1.4178798536874524
1.5999999999999988,-4.200000000000001,-1,-1,0.19999999999999848
0.0,-4.100000000000001,0,-1,0.0
1.4999999999999987,-4.300000000000001,-1,-1,0.19999999999999848
0.4559818758276048,-3.900000000000003,0.04652876283955143,-1,0.5350807726548426
0.0,-3.700000000000002,0,-1,0.0
-2.1999999999999993,-3.600000000000002,1,-1,-0.19999999999999848
1.0567164305195058,-4.8999999999999995,0.09784411393699144,-1,1.1252073102753997
0.08146748513183087,-4.200000000000002,-0.0018349024621951426,-1,0.07889862168475771
-0.019149744269412038,-4.400000000000001,-0.0018591984727584498,-1,-0.021380782436722194
0.0,-3.600000000000002,0,-1,0.0
1.6015241485373406,-4.300000000000002,0.1668160929938567,-1,1.8183850694293557
0.5750947301293123,-3.800000000000003,0.06959739485869215,-1,0.7003700408749589
-1.8328047095615514,-4.6000000000000005,-0.17455282948205225,-1,-2.0073575390436043
-0.2840455743843096,-3.4000000000000026,-0.01978984670799014,-1,-0.32758323714188736
2.2999999999999994,-3.5000000000000018,-1,-1,0.19999999999999848
1.1999999999999984,-4.6,-1,-1,0.19999999999999848
1.3285599086139899,-4.999999999999999,0.12188623014807264,-1,1.4016916467028329
-1.8096734111493924,-4.8999999999999995,-0.17682161214346215,-1,-1.9334485396498164
-2.099999999999999,-3.700000000000002,1,-1,-0.19999999999999848
1.333813937132804,-4.100000000000002,0.13338139371328034,-1,1.5338860277027255
1.1504450606463477,-4.999999999999999,0.1055454184079216,-1,1.2137723116911008
0.9646680147869248,-3.4000000000000026,0.10372774352547585,-1,1.1928690505429735
0.0,-4.300000000000001,0,-1,0.0
0.0,-3.1000000000000014,0,-1,0.0
-1.1999999999999984,-4.6,1,-1,-0.19999999999999848
1.5923975516270834,-3.4000000000000026,0.16047285501366482,-1,1.9454378326571458
1.0428313863146945,-4.300000000000002,0.09243444963869552,-1,1.1629961708449998
1.4999999999999987,-4.300000000000001,-1,-1,0.19999999999999848
0.0,-3.900000000000002,0,-1,0.0
-0.7999999999999984,-4.999999999999998,1,-1,-0.19999999999999848
-1.2161787063563352,-4.000000000000003,-0.1127453238743773,-1,-1.3965712245553383
0.0,-1.8000000000000005,0,-1,0.0
-1.0999999999999983,-4.699999999999999,1,-1,-0.19999999999999848
1.4999999999999987,-4.300000000000001,-1,-1,0.19999999999999848
-0.5801546581302515,-3.900000000000003,-0.0694035365439033,-1,-0.698140670254888
0.0,-4.5,0,-1,0.0
-0.8999999999999984,-4.899999999999999,1,-1,-0.19999999999999848
0.0,-4.899999999999999,0,-1,0.0
-1.4999999999999987,-4.300000000000001,1,-1,-0.19999999999999848
-0.486803712305563,-2.700000000000002,-0.044977175849483964,-1,-0.6172375222690675
-0.5885314376508758,-4.100000000000002,-0.04885314376508748,-1,-0.6618111532985069
0.0,-4.799999999999999,0,-1,0.0
0.8999999999999984,-4.899999999999999,-1,-1,0.19999999999999848
1.0999999999999983,-4.699999999999999,-1,-1,0.19999999999999848
1.9077959664793231,-4.7,0.1705467892905017,-1,2.061288076840775
1.2098181230899332,-4.200000000000002,0.10988298248415185,-1,1.3636542985677442
0.0,-4.4,0,-1,0.0
-0.7003427982564132,-3.6000000000000028,-0.08424661034278047,-1,-0.8688360189419748
1.8605749608521676,-4.8999999999999995,0.16301620007890386,-1,1.974686300907401
0.11173692429155285,-4.100000000000002,0.0011736924291551598,-1,0.11349746293528555
1.5597497337628787,-4.200000000000002,0.1643316568082061,-1,1.7898140532943663
0.0,-3.600000000000002,0,-1,0.0
0.7861703518580064,-4.300000000000002,0.08687944626058897,-1,0.8991136319967725
-0.30042015368383557,-4.999999999999999,-0.02756148198934269,-1,-0.3169570428774412
1.7121241326259629,-3.800000000000003,0.18681692088927498,-1,2.048394590226657
-1.0961702986405553,-4.999999999999999,-0.10974039437069327,-1,-1.1620145352629718
1.5528839826648013,-3.700000000000003,0.1513420815275831,-1,1.8404339375672099
-1.2999999999999985,-4.5,1,-1,-0.19999999999999848
1.727370154019433,-4.200000000000002,0.17102674792271624,-1,1.966807601111235
1.6999999999999988,-4.100000000000001,-1,-1,0.19999999999999848
-0.499723041933872,-4.8999999999999995,-0.03701139277165458,-1,-0.52563101687403
0.20782242281756758,-4.300000000000002,0.020374747335055593,-1,0.23430959435314003
0.0,-3.4000000000000017,0,-1,0.0
1.2503222290940161,-4.7,0.12738888953717142,-1,1.3649722296774711
-1.902488450264351,-4.500000000000001,-0.19254696637157281,-1,-2.114290113273081
-1.3999999999999986,-4.4,1,-1,-0.19999999999999848
-0.9184509460336205,-4.999999999999999,-0.08426155468198343,-1,-0.9690078788428107
0.0,-4.999999999999998,0,-1,0.0
2.1999999999999993,-3.600000000000002,-1,-1,0.19999999999999848
0.04754289525770941,-4.6000000000000005,-0.00499591473736119,-1,0.04254698052034821
